time	V(adc_out)
0.000000000000000e+00	1.650000e+00
9.765625114122045e-11	1.650000e+00
1.953125022824409e-10	1.650000e+00
3.906250045648818e-10	1.650000e+00
7.812500091297636e-10	1.650000e+00
1.562500018259527e-09	1.650001e+00
3.125000036519054e-09	1.650005e+00
6.250000073038109e-09	1.650019e+00
1.250000014607622e-08	1.650070e+00
2.500000029215244e-08	1.650227e+00
5.000000058430487e-08	1.650643e+00
1.000000011686097e-07	1.651572e+00
2.000000023372195e-07	1.653451e+00
4.000000046744390e-07	1.657202e+00
8.000000093488779e-07	1.664708e+00
1.600000018697756e-06	1.679714e+00
3.200000037395512e-06	1.709703e+00
6.400000074791024e-06	1.769481e+00
1.280000014958205e-05	1.887495e+00
2.256562514958205e-05	2.060283e+00
3.233125014958205e-05	2.219131e+00
4.209687514958205e-05	2.358665e+00
5.186250014958205e-05	2.474176e+00
6.162812514958205e-05	2.561756e+00
7.139375014958204e-05	2.618451e+00
8.115937514958204e-05	2.642340e+00
8.752493111102979e-05	2.639823e+00
9.515585040266992e-05	2.618016e+00
1.049214754026699e-04	2.560983e+00
1.146871004026699e-04	2.473086e+00
1.244527254026699e-04	2.357299e+00
1.342183504026699e-04	2.217531e+00
1.439839754026699e-04	2.058509e+00
1.537496004026699e-04	1.885602e+00
1.635152254026700e-04	1.704656e+00
1.732808504026700e-04	1.521781e+00
1.830464754026700e-04	1.343161e+00
1.928121004026700e-04	1.174827e+00
2.025777254026700e-04	1.022470e+00
2.123433504026700e-04	8.912355e-01
2.221089754026700e-04	7.855612e-01
2.318746004026700e-04	7.090129e-01
2.416402254026700e-04	6.641822e-01
2.514058504026700e-04	6.525790e-01
2.572890688829379e-04	6.618428e-01
2.668545300909320e-04	7.026425e-01
2.766201550909320e-04	7.758913e-01
2.863857800909320e-04	8.785930e-01
2.961514050909320e-04	1.007283e+00
3.059170300909320e-04	1.157608e+00
3.156826550909320e-04	1.324494e+00
3.254482800909320e-04	1.502295e+00
3.352139050909321e-04	1.685011e+00
3.449795300909321e-04	1.866462e+00
3.547451550909321e-04	2.040522e+00
3.645107800909321e-04	2.201304e+00
3.742764050909321e-04	2.343382e+00
3.840420300909321e-04	2.461950e+00
3.938076550909321e-04	2.553006e+00
4.035732800909321e-04	2.613468e+00
4.133389050909321e-04	2.641300e+00
4.204284284665963e-04	2.640478e+00
4.277900329751735e-04	2.620895e+00
4.375556579751735e-04	2.566155e+00
4.473212829751735e-04	2.480383e+00
4.570869079751736e-04	2.366471e+00
4.668525329751736e-04	2.228274e+00
4.766181579751736e-04	2.070457e+00
4.863837829751736e-04	1.898356e+00
4.961494079751736e-04	1.717782e+00
5.059150329751736e-04	1.534842e+00
5.156806579751736e-04	1.355711e+00
5.254462829751736e-04	1.186448e+00
5.352119079751736e-04	1.032768e+00
5.449775329751736e-04	8.998659e-01
5.547431579751736e-04	7.922297e-01
5.645087829751737e-04	7.135001e-01
5.742744079751737e-04	6.663330e-01
5.840400329751737e-04	6.523266e-01
5.894840523237710e-04	6.591340e-01
5.983400110402463e-04	6.923540e-01
6.081056360402464e-04	7.597163e-01
6.178712610402464e-04	8.570841e-01
6.276368860402464e-04	9.811637e-01
6.374025110402464e-04	1.127766e+00
6.471681360402464e-04	1.291934e+00
6.569337610402464e-04	1.468125e+00
6.666993860402464e-04	1.650380e+00
6.764650110402464e-04	1.832546e+00
6.862306360402464e-04	2.008465e+00
6.959962610402464e-04	2.172194e+00
7.057618860402464e-04	2.318200e+00
7.155275110402465e-04	2.441551e+00
7.252931360402465e-04	2.538077e+00
7.350587610402465e-04	2.604519e+00
7.448243860402465e-04	2.638630e+00
7.530711642357049e-04	2.641375e+00
7.599997560119705e-04	2.625141e+00
7.697653810119705e-04	2.574114e+00
7.795310060119705e-04	2.491782e+00
7.892966310119705e-04	2.380931e+00
7.990622560119705e-04	2.245302e+00
8.088278810119705e-04	2.089484e+00
8.185935060119706e-04	1.918736e+00
8.283591310119706e-04	1.738832e+00
8.381247560119706e-04	1.555847e+00
8.478903810119706e-04	1.375968e+00
8.576560060119706e-04	1.205268e+00
8.674216310119706e-04	1.049520e+00
8.771872560119706e-04	9.139827e-01
8.869528810119706e-04	8.032387e-01
8.967185060119706e-04	7.210265e-01
9.064841310119706e-04	6.701278e-01
9.162497560119706e-04	6.522586e-01
9.215117060057302e-04	6.565843e-01
9.295517039918183e-04	6.819630e-01
9.393173289918183e-04	7.424712e-01
9.490829539918183e-04	8.335648e-01
9.588485789918183e-04	9.521700e-01
9.686142039918184e-04	1.094275e+00
9.783798289918183e-04	1.255082e+00
9.881454539918183e-04	1.429155e+00
9.979110789918183e-04	1.610613e+00
1.007676703991818e-03	1.793324e+00
1.017442328991818e-03	1.971117e+00
1.027207953991818e-03	2.137981e+00
1.036973578991818e-03	2.288281e+00
1.046739203991818e-03	2.416936e+00
1.056504828991818e-03	2.519602e+00
1.066270453991818e-03	2.592806e+00
1.076036078991818e-03	2.634079e+00
1.085606634752663e-03	2.642194e+00
1.092034555079201e-03	2.629499e+00
1.101800180079201e-03	2.582786e+00
1.111565805079201e-03	2.504480e+00
1.121331430079201e-03	2.397224e+00
1.131097055079201e-03	2.264644e+00
1.140862680079201e-03	2.111218e+00
1.150628305079201e-03	1.942133e+00
1.160393930079201e-03	1.763099e+00
1.170159555079201e-03	1.580169e+00
1.179925180079201e-03	1.399521e+00
1.189690805079201e-03	1.227261e+00
1.199456430079201e-03	1.069207e+00
1.209222055079201e-03	9.307030e-01
1.218987680079201e-03	8.164257e-01
1.228753305079201e-03	7.302387e-01
1.238518930079201e-03	6.750520e-01
1.248284555079201e-03	6.527326e-01
1.254362213092810e-03	6.558141e-01
1.262099984930226e-03	6.785316e-01
1.271865609930226e-03	7.364762e-01
1.281631234930226e-03	8.252130e-01
1.291396859930226e-03	9.417417e-01
1.301162484930226e-03	1.082127e+00
1.310928109930226e-03	1.241623e+00
1.320693734930226e-03	1.414843e+00
1.330459359930226e-03	1.595931e+00
1.340224984930226e-03	1.778772e+00
1.349990609930226e-03	1.957184e+00
1.359756234930226e-03	2.125142e+00
1.369521859930226e-03	2.276969e+00
1.379287484930226e-03	2.407537e+00
1.389053109930226e-03	2.512431e+00
1.398818734930226e-03	2.588110e+00
1.408584359930226e-03	2.632015e+00
1.418349984930226e-03	2.642665e+00
1.424407467525361e-03	2.632351e+00
1.434173092525361e-03	2.588850e+00
1.443938717525361e-03	2.513549e+00
1.453704342525361e-03	2.408996e+00
1.463469967525361e-03	2.278719e+00
1.473235592525361e-03	2.127125e+00
1.483001217525361e-03	1.959333e+00
1.492766842525361e-03	1.781014e+00
1.502532467525361e-03	1.598193e+00
1.512298092525361e-03	1.417048e+00
1.522063717525361e-03	1.243697e+00
1.531829342525361e-03	1.084002e+00
1.541594967525361e-03	9.433541e-01
1.551360592525361e-03	8.265097e-01
1.561126217525361e-03	7.374134e-01
1.570891842525361e-03	6.790788e-01
1.580657467525361e-03	6.534740e-01
1.587338050796716e-03	6.553063e-01
1.594851899952826e-03	6.761344e-01
1.604617524952826e-03	7.321744e-01
1.614383149952826e-03	8.191510e-01
1.624148774952826e-03	9.341276e-01
1.633914399952826e-03	1.073217e+00
1.643680024952826e-03	1.231721e+00
1.653445649952826e-03	1.404283e+00
1.663211274952826e-03	1.585074e+00
1.672976899952826e-03	1.767983e+00
1.682742524952826e-03	1.946831e+00
1.692508149952826e-03	2.115574e+00
1.702273774952826e-03	2.268512e+00
1.712039399952826e-03	2.400476e+00
1.721805024952826e-03	2.507008e+00
1.731570649952826e-03	2.584507e+00
1.741336274952826e-03	2.630358e+00
1.751101899952826e-03	2.643007e+00
1.756794194332975e-03	2.634848e+00
1.766051452800781e-03	2.597429e+00
1.775817077800781e-03	2.526730e+00
1.785582702800781e-03	2.426333e+00
1.795348327800781e-03	2.299630e+00
1.805113952800781e-03	2.150903e+00
1.814879577800781e-03	1.985176e+00
1.824645202800781e-03	1.808050e+00
1.834410827800781e-03	1.625509e+00
1.844176452800781e-03	1.443722e+00
1.853942077800781e-03	1.268831e+00
1.863707702800781e-03	1.106745e+00
1.873473327800781e-03	9.629412e-01
1.883238952800781e-03	8.422781e-01
1.893004577800781e-03	7.488335e-01
1.902770202800781e-03	6.857638e-01
1.912535827800781e-03	6.552012e-01
1.920128688520610e-03	6.546019e-01
1.927302397429946e-03	6.727007e-01
1.937068022429946e-03	7.258332e-01
1.946833647429946e-03	8.101198e-01
1.956599272429946e-03	9.227106e-01
1.966364897429946e-03	1.059803e+00
1.976130522429946e-03	1.216763e+00
1.985896147429946e-03	1.388289e+00
1.995661772429946e-03	1.568583e+00
2.005427397429945e-03	1.751556e+00
2.015193022429945e-03	1.931022e+00
2.024958647429945e-03	2.100921e+00
2.034724272429945e-03	2.255508e+00
2.044489897429945e-03	2.389564e+00
2.054255522429944e-03	2.498556e+00
2.064021147429944e-03	2.578804e+00
2.073786772429944e-03	2.627595e+00
2.083552397429944e-03	2.643281e+00
2.088690039070109e-03	2.638018e+00
2.097050040408307e-03	2.609679e+00
2.106815665408306e-03	2.546474e+00
2.116581290408306e-03	2.452905e+00
2.126346915408306e-03	2.332133e+00
2.136112540408306e-03	2.188239e+00
2.145878165408305e-03	2.026085e+00
2.155643790408305e-03	1.851152e+00
2.165409415408305e-03	1.669348e+00
2.175175040408305e-03	1.486818e+00
2.184940665408305e-03	1.309728e+00
2.194706290408304e-03	1.144063e+00
2.204471915408304e-03	9.954199e-01
2.214237540408304e-03	8.688223e-01
2.224003165408304e-03	7.685460e-01
2.233768790408304e-03	6.979811e-01
2.243534415408303e-03	6.595100e-01
2.252586812813832e-03	6.536648e-01
2.259211511257493e-03	6.677083e-01
2.268977136257493e-03	7.161222e-01
2.278742761257493e-03	7.960179e-01
2.288508386257492e-03	9.046968e-01
2.298274011257492e-03	1.038486e+00
2.308039636257492e-03	1.192865e+00
2.317805261257492e-03	1.362618e+00
2.327570886257492e-03	1.542008e+00
2.337336511257491e-03	1.724975e+00
2.347102136257491e-03	1.905336e+00
2.356867761257491e-03	2.076997e+00
2.366633386257491e-03	2.234158e+00
2.376399011257491e-03	2.371508e+00
2.386164636257490e-03	2.484407e+00
2.395930261257490e-03	2.569040e+00
2.405695886257490e-03	2.622547e+00
2.415461511257490e-03	2.643121e+00
2.421218667608308e-03	2.639490e+00
2.429075266002836e-03	2.615743e+00
2.438840891002836e-03	2.556792e+00
2.448606516002836e-03	2.467128e+00
2.458372141002836e-03	2.349782e+00
2.468137766002835e-03	2.208719e+00
2.477903391002835e-03	2.048705e+00
2.487669016002835e-03	1.875147e+00
2.497434641002835e-03	1.693911e+00
2.507200266002835e-03	1.511118e+00
2.516965891002834e-03	1.332947e+00
2.526731516002834e-03	1.165416e+00
2.536497141002834e-03	1.014188e+00
2.546262766002834e-03	8.843704e-01
2.556028391002834e-03	7.803515e-01
2.565794016002833e-03	7.056450e-01
2.575559641002833e-03	6.627756e-01
2.585325266002833e-03	6.531916e-01
2.591576540158970e-03	6.647276e-01
2.601342165158969e-03	7.099119e-01
2.611107790158969e-03	7.867905e-01
2.620873415158969e-03	8.927638e-01
2.630639040158969e-03	1.024253e+00
2.640404665158969e-03	1.176813e+00
2.650170290158968e-03	1.345291e+00
2.659935915158968e-03	1.523992e+00
2.669701540158968e-03	1.706880e+00
2.679467165158968e-03	1.887774e+00
2.689232790158968e-03	2.060564e+00
2.698998415158967e-03	2.219409e+00
2.708764040158967e-03	2.358943e+00
2.718529665158967e-03	2.474451e+00
2.728295290158967e-03	2.562031e+00
2.738060915158966e-03	2.618723e+00
2.747826540158966e-03	2.642612e+00
2.754191783265248e-03	2.640092e+00
2.761822818738558e-03	2.618286e+00
2.771588443738558e-03	2.561250e+00
2.781354068738558e-03	2.473353e+00
2.791119693738557e-03	2.357564e+00
2.800885318738557e-03	2.217797e+00
2.810650943738557e-03	2.058773e+00
2.820416568738557e-03	1.885867e+00
2.830182193738557e-03	1.704919e+00
2.839947818738556e-03	1.522045e+00
2.849713443738556e-03	1.343424e+00
2.859479068738556e-03	1.175091e+00
2.869244693738556e-03	1.022734e+00
2.879010318738556e-03	8.915014e-01
2.888775943738555e-03	7.858262e-01
2.898541568738555e-03	7.092803e-01
2.908307193738555e-03	6.644490e-01
2.918072818738555e-03	6.528482e-01
2.923956226696620e-03	6.621115e-01
2.933521993592988e-03	7.029161e-01
2.943287618592988e-03	7.761658e-01
2.953053243592988e-03	8.788711e-01
2.962818868592988e-03	1.007562e+00
2.972584493592988e-03	1.157889e+00
2.982350118592987e-03	1.324775e+00
2.992115743592987e-03	1.502578e+00
3.001881368592987e-03	1.685293e+00
3.011646993592987e-03	1.866744e+00
3.021412618592987e-03	2.040802e+00
3.031178243592986e-03	2.201584e+00
3.040943868592986e-03	2.343659e+00
3.050709493592986e-03	2.462225e+00
3.060475118592986e-03	2.553278e+00
3.070240743592985e-03	2.613739e+00
3.080006368592985e-03	2.641567e+00
3.087095392286627e-03	2.640744e+00
3.094457183032958e-03	2.621158e+00
3.104222808032958e-03	2.566418e+00
3.113988433032958e-03	2.480643e+00
3.123754058032958e-03	2.366732e+00
3.133519683032957e-03	2.228532e+00
3.143285308032957e-03	2.070715e+00
3.153050933032957e-03	1.898612e+00
3.162816558032957e-03	1.718039e+00
3.172582183032957e-03	1.535097e+00
3.182347808032956e-03	1.355968e+00
3.192113433032956e-03	1.186705e+00
3.201879058032956e-03	1.033026e+00
3.211644683032956e-03	9.001241e-01
3.221410308032956e-03	7.924903e-01
3.231175933032955e-03	7.137609e-01
3.240941558032955e-03	6.665965e-01
3.250707183032955e-03	6.525904e-01
3.256151506078182e-03	6.594005e-01
3.265007956016029e-03	6.926242e-01
3.274773581016029e-03	7.599918e-01
3.284539206016028e-03	8.573620e-01
3.294304831016028e-03	9.814460e-01
3.304070456016028e-03	1.128050e+00
3.313836081016028e-03	1.292221e+00
3.323601706016028e-03	1.468411e+00
3.333367331016027e-03	1.650668e+00
3.343132956016027e-03	1.832833e+00
3.352898581016027e-03	2.008751e+00
3.362664206016027e-03	2.172477e+00
3.372429831016027e-03	2.318481e+00
3.382195456016026e-03	2.441828e+00
3.391961081016026e-03	2.538351e+00
3.401726706016026e-03	2.604788e+00
3.411492331016026e-03	2.638896e+00
3.419738309844393e-03	2.641636e+00
3.426667202044625e-03	2.625401e+00
3.436432827044624e-03	2.574370e+00
3.446198452044624e-03	2.492037e+00
3.455964077044624e-03	2.381182e+00
3.465729702044624e-03	2.245553e+00
3.475495327044623e-03	2.089732e+00
3.485260952044623e-03	1.918984e+00
3.495026577044623e-03	1.739078e+00
3.504792202044623e-03	1.556094e+00
3.514557827044623e-03	1.376214e+00
3.524323452044622e-03	1.205517e+00
3.534089077044622e-03	1.049769e+00
3.543854702044622e-03	9.142341e-01
3.553620327044622e-03	8.034912e-01
3.563385952044622e-03	7.212823e-01
3.573151577044621e-03	6.703851e-01
3.582917202044621e-03	6.525193e-01
3.588178662363383e-03	6.568446e-01
3.596218841609099e-03	6.822258e-01
3.605984466609099e-03	7.427344e-01
3.615750091609098e-03	8.338304e-01
3.625515716609098e-03	9.524357e-01
3.635281341609098e-03	1.094543e+00
3.645046966609098e-03	1.255350e+00
3.654812591609098e-03	1.429423e+00
3.664578216609097e-03	1.610881e+00
3.674343841609097e-03	1.793593e+00
3.684109466609097e-03	1.971384e+00
3.693875091609097e-03	2.138248e+00
3.703640716609097e-03	2.288547e+00
3.713406341609096e-03	2.417201e+00
3.723171966609096e-03	2.519864e+00
3.732937591609096e-03	2.593068e+00
3.742703216609096e-03	2.634338e+00
3.752273479257634e-03	2.642452e+00
3.758701511220695e-03	2.629756e+00
3.768467136220695e-03	2.583043e+00
3.778232761220695e-03	2.504735e+00
3.787998386220695e-03	2.397478e+00
3.797764011220694e-03	2.264897e+00
3.807529636220694e-03	2.111471e+00
3.817295261220694e-03	1.942385e+00
3.827060886220694e-03	1.763352e+00
3.836826511220694e-03	1.580421e+00
3.846592136220693e-03	1.399773e+00
3.856357761220693e-03	1.227513e+00
3.866123386220693e-03	1.069460e+00
3.875889011220693e-03	9.309558e-01
3.885654636220693e-03	8.166800e-01
3.895420261220692e-03	7.304928e-01
3.905185886220692e-03	6.753078e-01
3.914951511220692e-03	6.529885e-01
3.921028987446967e-03	6.560710e-01
3.928766826717818e-03	6.787883e-01
3.938532451717817e-03	7.367341e-01
3.948298076717817e-03	8.254706e-01
3.958063701717817e-03	9.420004e-01
3.967829326717817e-03	1.082385e+00
3.977594951717817e-03	1.241882e+00
3.987360576717816e-03	1.415101e+00
3.997126201717816e-03	1.596190e+00
4.006891826717816e-03	1.779030e+00
4.016657451717816e-03	1.957443e+00
4.026423076717816e-03	2.125400e+00
4.036188701717815e-03	2.277227e+00
4.045954326717815e-03	2.407794e+00
4.055719951717815e-03	2.512688e+00
4.065485576717815e-03	2.588366e+00
4.075251201717815e-03	2.632271e+00
4.085016826717814e-03	2.642919e+00
4.091074419289280e-03	2.632605e+00
4.100840044289279e-03	2.589103e+00
4.110605669289279e-03	2.513801e+00
4.120371294289279e-03	2.409246e+00
4.130136919289279e-03	2.278970e+00
4.139902544289279e-03	2.127374e+00
4.149668169289278e-03	1.959582e+00
4.159433794289278e-03	1.781262e+00
4.169199419289278e-03	1.598441e+00
4.178965044289278e-03	1.417295e+00
4.188730669289278e-03	1.243946e+00
4.198496294289277e-03	1.084250e+00
4.208261919289277e-03	9.436037e-01
4.218027544289277e-03	8.267593e-01
4.227793169289277e-03	7.376644e-01
4.237558794289276e-03	6.793301e-01
4.247324419289276e-03	6.537267e-01
4.254004823656537e-03	6.555587e-01
4.261518739345754e-03	6.763878e-01
4.271284364345754e-03	7.324277e-01
4.281049989345754e-03	8.194053e-01
4.290815614345754e-03	9.343817e-01
4.300581239345754e-03	1.073472e+00
4.310346864345753e-03	1.231976e+00
4.320112489345753e-03	1.404539e+00
4.329878114345753e-03	1.585329e+00
4.339643739345753e-03	1.768238e+00
4.349409364345753e-03	1.947085e+00
4.359174989345752e-03	2.115828e+00
4.368940614345752e-03	2.268765e+00
4.378706239345752e-03	2.400729e+00
4.388471864345752e-03	2.507260e+00
4.398237489345752e-03	2.584760e+00
4.408003114345751e-03	2.630609e+00
4.417768739345751e-03	2.643258e+00
4.423461142229597e-03	2.635097e+00
4.432718575952245e-03	2.597677e+00
4.442484200952244e-03	2.526976e+00
4.452249825952244e-03	2.426578e+00
4.462015450952244e-03	2.299874e+00
4.471781075952244e-03	2.151145e+00
4.481546700952244e-03	1.985418e+00
4.491312325952243e-03	1.808291e+00
4.501077950952243e-03	1.625750e+00
4.510843575952243e-03	1.443963e+00
4.520609200952243e-03	1.269072e+00
4.530374825952243e-03	1.106987e+00
4.540140450952242e-03	9.631840e-01
4.549906075952242e-03	8.425224e-01
4.559671700952242e-03	7.490787e-01
4.569437325952242e-03	6.860108e-01
4.579202950952242e-03	6.554492e-01
4.586795525723151e-03	6.548511e-01
4.593969341555254e-03	6.729502e-01
4.603734966555253e-03	7.260840e-01
4.613500591555253e-03	8.103709e-01
4.623266216555253e-03	9.229628e-01
4.633031841555253e-03	1.060055e+00
4.642797466555252e-03	1.217016e+00
4.652563091555252e-03	1.388542e+00
4.662328716555252e-03	1.568837e+00
4.672094341555252e-03	1.751809e+00
4.681859966555252e-03	1.931275e+00
4.691625591555251e-03	2.101173e+00
4.701391216555251e-03	2.255760e+00
4.711156841555251e-03	2.389815e+00
4.720922466555251e-03	2.498807e+00
4.730688091555251e-03	2.579053e+00
4.740453716555250e-03	2.627843e+00
4.750219341555250e-03	2.643528e+00
4.755357157526331e-03	2.638265e+00
4.763717441286335e-03	2.609922e+00
4.773483066286335e-03	2.546715e+00
4.783248691286335e-03	2.453143e+00
4.793014316286335e-03	2.332369e+00
4.802779941286335e-03	2.188474e+00
4.812545566286334e-03	2.026319e+00
4.822311191286334e-03	1.851384e+00
4.832076816286334e-03	1.669580e+00
4.841842441286334e-03	1.487050e+00
4.851608066286334e-03	1.309961e+00
4.861373691286333e-03	1.144297e+00
4.871139316286333e-03	9.956552e-01
4.880904941286333e-03	8.690590e-01
4.890670566286333e-03	7.687851e-01
4.900436191286332e-03	6.982220e-01
4.910201816286332e-03	6.597537e-01
4.919253755794641e-03	6.539100e-01
4.925878627645230e-03	6.679550e-01
4.935644252645230e-03	7.163698e-01
4.945409877645229e-03	7.962673e-01
4.955175502645229e-03	9.049469e-01
4.964941127645229e-03	1.038737e+00
4.974706752645229e-03	1.193117e+00
4.984472377645229e-03	1.362870e+00
4.994238002645228e-03	1.542261e+00
5.004003627645228e-03	1.725228e+00
5.013769252645228e-03	1.905588e+00
5.023534877645228e-03	2.077249e+00
5.033300502645228e-03	2.234408e+00
5.043066127645227e-03	2.371757e+00
5.052831752645227e-03	2.484655e+00
5.062597377645227e-03	2.569286e+00
5.072363002645227e-03	2.622792e+00
5.082128627645227e-03	2.643364e+00
5.087885501500841e-03	2.639733e+00
5.095742204579927e-03	2.615986e+00
5.105507829579927e-03	2.557033e+00
5.115273454579927e-03	2.467368e+00
5.125039079579926e-03	2.350021e+00
5.134804704579926e-03	2.208957e+00
5.144570329579926e-03	2.048943e+00
5.154335954579926e-03	1.875385e+00
5.164101579579926e-03	1.694148e+00
5.173867204579925e-03	1.511355e+00
5.183632829579925e-03	1.333184e+00
5.193398454579925e-03	1.165654e+00
5.203164079579925e-03	1.014425e+00
5.212929704579925e-03	8.846090e-01
5.222695329579924e-03	7.805905e-01
5.232460954579924e-03	7.058851e-01
5.242226579579924e-03	6.630162e-01
5.251992204579924e-03	6.534333e-01
5.258243649461989e-03	6.649700e-01
5.268009274461988e-03	7.101561e-01
5.277774899461988e-03	7.870357e-01
5.287540524461988e-03	8.930103e-01
5.297306149461988e-03	1.024500e+00
5.307071774461988e-03	1.177061e+00
5.316837399461987e-03	1.345539e+00
5.326603024461987e-03	1.524241e+00
5.336368649461987e-03	1.707129e+00
5.346134274461987e-03	1.888023e+00
5.355899899461987e-03	2.060812e+00
5.365665524461986e-03	2.219656e+00
5.375431149461986e-03	2.359189e+00
5.385196774461986e-03	2.474695e+00
5.394962399461986e-03	2.562274e+00
5.404728024461986e-03	2.618964e+00
5.414493649461985e-03	2.642852e+00
5.420858614684966e-03	2.640332e+00
5.428489753352692e-03	2.618524e+00
5.438255378352692e-03	2.561488e+00
5.448021003352691e-03	2.473590e+00
5.457786628352691e-03	2.357800e+00
5.467552253352691e-03	2.218032e+00
5.477317878352691e-03	2.059007e+00
5.487083503352690e-03	1.886100e+00
5.496849128352690e-03	1.705153e+00
5.506614753352690e-03	1.522279e+00
5.516380378352690e-03	1.343658e+00
5.526146003352690e-03	1.175325e+00
5.535911628352689e-03	1.022969e+00
5.545677253352689e-03	8.917363e-01
5.555442878352689e-03	7.860619e-01
5.565208503352689e-03	7.095165e-01
5.574974128352689e-03	6.646861e-01
5.584739753352688e-03	6.530861e-01
5.590623329607966e-03	6.623505e-01
5.600189368021338e-03	7.031578e-01
5.609954993021337e-03	7.764098e-01
5.619720618021337e-03	8.791168e-01
5.629486243021337e-03	1.007809e+00
5.639251868021337e-03	1.158138e+00
5.649017493021337e-03	1.325024e+00
5.658783118021336e-03	1.502828e+00
5.668548743021336e-03	1.685543e+00
5.678314368021336e-03	1.866994e+00
5.688079993021336e-03	2.041051e+00
5.697845618021335e-03	2.201832e+00
5.707611243021335e-03	2.343905e+00
5.717376868021335e-03	2.462469e+00
5.727142493021335e-03	2.553519e+00
5.736908118021335e-03	2.613978e+00
5.746673743021334e-03	2.641804e+00
5.753762322889175e-03	2.640980e+00
5.761124279054490e-03	2.621392e+00
5.770889904054490e-03	2.566651e+00
5.780655529054489e-03	2.480875e+00
5.790421154054489e-03	2.366961e+00
5.800186779054489e-03	2.228761e+00
5.809952404054489e-03	2.070943e+00
5.819718029054489e-03	1.898839e+00
5.829483654054488e-03	1.718266e+00
5.839249279054488e-03	1.535324e+00
5.849014904054488e-03	1.356195e+00
5.858780529054488e-03	1.186932e+00
5.868546154054488e-03	1.033254e+00
5.878311779054487e-03	9.003534e-01
5.888077404054487e-03	7.927206e-01
5.897843029054487e-03	7.139926e-01
5.907608654054487e-03	6.668294e-01
5.917374279054487e-03	6.528248e-01
5.922818871847348e-03	6.596361e-01
5.931675758094275e-03	6.928644e-01
5.941441383094275e-03	7.602353e-01
5.951207008094274e-03	8.576089e-01
5.960972633094274e-03	9.816955e-01
5.970738258094274e-03	1.128302e+00
5.980503883094274e-03	1.292474e+00
5.990269508094274e-03	1.468666e+00
6.000035133094273e-03	1.650923e+00
6.009800758094273e-03	1.833087e+00
6.019566383094273e-03	2.009004e+00
6.029332008094273e-03	2.172728e+00
6.039097633094273e-03	2.318729e+00
6.048863258094272e-03	2.442073e+00
6.058628883094272e-03	2.538593e+00
6.068394508094272e-03	2.605026e+00
6.078160133094272e-03	2.639130e+00
6.086405401912312e-03	2.641868e+00
6.093334560952081e-03	2.625631e+00
6.103100185952080e-03	2.574598e+00
6.112865810952080e-03	2.492262e+00
6.122631435952080e-03	2.381406e+00
6.132397060952080e-03	2.245775e+00
6.142162685952079e-03	2.089952e+00
6.151928310952079e-03	1.919203e+00
6.161693935952079e-03	1.739297e+00
6.171459560952079e-03	1.556312e+00
6.181225185952079e-03	1.376433e+00
6.190990810952078e-03	1.205736e+00
6.200756435952078e-03	1.049990e+00
6.210522060952078e-03	9.144564e-01
6.220287685952078e-03	8.037154e-01
6.230053310952078e-03	7.215084e-01
6.239818935952077e-03	6.706135e-01
6.249584560952077e-03	6.527500e-01
6.254845586336482e-03	6.570758e-01
6.262885926578735e-03	6.824582e-01
6.272651551578735e-03	7.429683e-01
6.282417176578734e-03	8.340652e-01
6.292182801578734e-03	9.526716e-01
6.301948426578734e-03	1.094779e+00
6.311714051578734e-03	1.255587e+00
6.321479676578734e-03	1.429661e+00
6.331245301578733e-03	1.611119e+00
6.341010926578733e-03	1.793830e+00
6.350776551578733e-03	1.971622e+00
6.360542176578733e-03	2.138484e+00
6.370307801578733e-03	2.288782e+00
6.380073426578732e-03	2.417435e+00
6.389839051578732e-03	2.520097e+00
6.399604676578732e-03	2.593299e+00
6.409370301578732e-03	2.634568e+00
6.418940303881732e-03	2.642681e+00
6.425368435001249e-03	2.629984e+00
6.435134060001249e-03	2.583270e+00
6.444899685001249e-03	2.504961e+00
6.454665310001249e-03	2.397704e+00
6.464430935001248e-03	2.265122e+00
6.474196560001248e-03	2.111696e+00
6.483962185001248e-03	1.942609e+00
6.493727810001248e-03	1.763575e+00
6.503493435001248e-03	1.580644e+00
6.513259060001247e-03	1.399997e+00
6.523024685001247e-03	1.227736e+00
6.532790310001247e-03	1.069684e+00
6.542555935001247e-03	9.311802e-01
6.552321560001247e-03	8.169048e-01
6.562087185001246e-03	7.307185e-01
6.571852810001246e-03	6.755341e-01
6.581618435001246e-03	6.532156e-01
6.587695749762508e-03	6.562983e-01
6.595433648928255e-03	6.790161e-01
6.605199273928255e-03	7.369622e-01
6.614964898928255e-03	8.256992e-01
6.624730523928255e-03	9.422292e-01
6.634496148928254e-03	1.082614e+00
6.644261773928254e-03	1.242111e+00
6.654027398928254e-03	1.415331e+00
6.663793023928254e-03	1.596420e+00
6.673558648928254e-03	1.779259e+00
6.683324273928253e-03	1.957672e+00
6.693089898928253e-03	2.125629e+00
6.702855523928253e-03	2.277456e+00
6.712621148928253e-03	2.408021e+00
6.722386773928253e-03	2.512915e+00
6.732152398928252e-03	2.588593e+00
6.741918023928252e-03	2.632497e+00
6.751683648928252e-03	2.643144e+00
6.757741339181543e-03	2.632830e+00
6.767506964181543e-03	2.589326e+00
6.777272589181543e-03	2.514024e+00
6.787038214181543e-03	2.409468e+00
6.796803839181543e-03	2.279191e+00
6.806569464181542e-03	2.127595e+00
6.816335089181542e-03	1.959802e+00
6.826100714181542e-03	1.781483e+00
6.835866339181542e-03	1.598661e+00
6.845631964181541e-03	1.417516e+00
6.855397589181541e-03	1.244166e+00
6.865163214181541e-03	1.084471e+00
6.874928839181541e-03	9.438245e-01
6.884694464181541e-03	8.269808e-01
6.894460089181540e-03	7.378865e-01
6.904225714181540e-03	6.795530e-01
6.913991339181540e-03	6.539503e-01
6.920671584644750e-03	6.557827e-01
6.928185559429157e-03	6.766122e-01
6.937951184429157e-03	7.326525e-01
6.947716809429157e-03	8.196304e-01
6.957482434429157e-03	9.346071e-01
6.967248059429157e-03	1.073697e+00
6.977013684429156e-03	1.232202e+00
6.986779309429156e-03	1.404764e+00
6.996544934429156e-03	1.585555e+00
7.006310559429156e-03	1.768463e+00
7.016076184429156e-03	1.947311e+00
7.025841809429155e-03	2.116054e+00
7.035607434429155e-03	2.268991e+00
7.045373059429155e-03	2.400954e+00
7.055138684429155e-03	2.507484e+00
7.064904309429154e-03	2.584983e+00
7.074669934429154e-03	2.630831e+00
7.084435559429154e-03	2.643480e+00
7.090128058686776e-03	2.635319e+00
7.099385648071960e-03	2.597897e+00
7.109151273071960e-03	2.527195e+00
7.118916898071960e-03	2.426795e+00
7.128682523071960e-03	2.300090e+00
7.138448148071960e-03	2.151361e+00
7.148213773071959e-03	1.985632e+00
7.157979398071959e-03	1.808505e+00
7.167745023071959e-03	1.625964e+00
7.177510648071959e-03	1.444177e+00
7.187276273071959e-03	1.269286e+00
7.197041898071958e-03	1.107202e+00
7.206807523071958e-03	9.633995e-01
7.216573148071958e-03	8.427388e-01
7.226338773071958e-03	7.492962e-01
7.236104398071957e-03	6.862295e-01
7.245870023071957e-03	6.556692e-01
7.253462343860836e-03	6.550718e-01
7.260636254662381e-03	6.731715e-01
7.270401879662381e-03	7.263060e-01
7.280167504662381e-03	8.105936e-01
7.289933129662381e-03	9.231860e-01
7.299698754662381e-03	1.060279e+00
7.309464379662380e-03	1.217240e+00
7.319230004662380e-03	1.388766e+00
7.328995629662380e-03	1.569061e+00
7.338761254662380e-03	1.752033e+00
7.348526879662380e-03	1.931499e+00
7.358292504662379e-03	2.101396e+00
7.368058129662379e-03	2.255983e+00
7.377823754662379e-03	2.390037e+00
7.387589379662379e-03	2.499028e+00
7.397355004662379e-03	2.579274e+00
7.407120629662378e-03	2.628063e+00
7.416886254662378e-03	2.643747e+00
7.422024225475243e-03	2.638483e+00
7.430384760083816e-03	2.610138e+00
7.440150385083816e-03	2.546928e+00
7.449916010083816e-03	2.453355e+00
7.459681635083816e-03	2.332579e+00
7.469447260083815e-03	2.188682e+00
7.479212885083815e-03	2.026526e+00
7.488978510083815e-03	1.851590e+00
7.498744135083815e-03	1.669786e+00
7.508509760083814e-03	1.487256e+00
7.518275385083814e-03	1.310167e+00
7.528041010083814e-03	1.144504e+00
7.537806635083814e-03	9.958636e-01
7.547572260083814e-03	8.692690e-01
7.557337885083813e-03	7.689968e-01
7.567103510083813e-03	6.984357e-01
7.576869135083813e-03	6.599695e-01
7.585920667884490e-03	6.541274e-01
7.592545693755676e-03	6.681734e-01
7.602311318755676e-03	7.165895e-01
7.612076943755676e-03	7.964880e-01
7.621842568755676e-03	9.051687e-01
7.631608193755675e-03	1.038960e+00
7.641373818755675e-03	1.193340e+00
7.651139443755675e-03	1.363094e+00
7.660905068755675e-03	1.542485e+00
7.670670693755675e-03	1.725452e+00
7.680436318755674e-03	1.905812e+00
7.690201943755674e-03	2.077471e+00
7.699967568755674e-03	2.234630e+00
7.709733193755674e-03	2.371978e+00
7.719498818755673e-03	2.484874e+00
7.729264443755673e-03	2.569505e+00
7.739030068755673e-03	2.623009e+00
7.748795693755673e-03	2.643580e+00
7.754552316698044e-03	2.639948e+00
7.762409112758256e-03	2.616200e+00
7.772174737758256e-03	2.557246e+00
7.781940362758256e-03	2.467581e+00
7.791705987758256e-03	2.350233e+00
7.801471612758256e-03	2.209169e+00
7.811237237758255e-03	2.049154e+00
7.821002862758256e-03	1.875596e+00
7.830768487758256e-03	1.694358e+00
7.840534112758256e-03	1.511566e+00
7.850299737758255e-03	1.333394e+00
7.860065362758255e-03	1.165864e+00
7.869830987758255e-03	1.014636e+00
7.879596612758255e-03	8.848204e-01
7.889362237758255e-03	7.808025e-01
7.899127862758254e-03	7.060977e-01
7.908893487758254e-03	6.632296e-01
7.918659112758254e-03	6.536474e-01
7.924910709279578e-03	6.651851e-01
7.934676334279578e-03	7.103723e-01
7.944441959279578e-03	7.872531e-01
7.954207584279577e-03	8.932287e-01
7.963973209279577e-03	1.024719e+00
7.973738834279577e-03	1.177281e+00
7.983504459279577e-03	1.345760e+00
7.993270084279577e-03	1.524461e+00
8.003035709279576e-03	1.707350e+00
8.012801334279576e-03	1.888243e+00
8.022566959279576e-03	2.061031e+00
8.032332584279576e-03	2.219874e+00
8.042098209279576e-03	2.359406e+00
8.051863834279575e-03	2.474912e+00
8.061629459279575e-03	2.562490e+00
8.071395084279575e-03	2.619179e+00
8.081160709279575e-03	2.643064e+00
8.087525427685701e-03	2.640544e+00
8.095156658010942e-03	2.618736e+00
8.104922283010942e-03	2.561698e+00
8.114687908010941e-03	2.473799e+00
8.124453533010941e-03	2.358009e+00
8.134219158010941e-03	2.218240e+00
8.143984783010941e-03	2.059215e+00
8.153750408010941e-03	1.886308e+00
8.163516033010940e-03	1.705360e+00
8.173281658010940e-03	1.522486e+00
8.183047283010940e-03	1.343865e+00
8.192812908010940e-03	1.175533e+00
8.202578533010940e-03	1.023176e+00
8.212344158010939e-03	8.919445e-01
8.222109783010939e-03	7.862707e-01
8.231875408010939e-03	7.097259e-01
8.241641033010939e-03	6.648962e-01
8.251406658010938e-03	6.532969e-01
8.257290383748186e-03	6.625621e-01
8.266856663323342e-03	7.033721e-01
8.276622288323342e-03	7.766260e-01
8.286387913323342e-03	8.793347e-01
8.296153538323341e-03	1.008029e+00
8.305919163323341e-03	1.158359e+00
8.315684788323341e-03	1.325245e+00
8.325450413323341e-03	1.503050e+00
8.335216038323340e-03	1.685765e+00
8.344981663323340e-03	1.867215e+00
8.354747288323340e-03	2.041271e+00
8.364512913323340e-03	2.202051e+00
8.374278538323340e-03	2.344123e+00
8.384044163323339e-03	2.462686e+00
8.393809788323339e-03	2.553734e+00
8.403575413323339e-03	2.614190e+00
8.413341038323339e-03	2.642014e+00
8.420429223983906e-03	2.641189e+00
8.427791327074450e-03	2.621600e+00
8.437556952074449e-03	2.566857e+00
8.447322577074449e-03	2.481079e+00
8.457088202074449e-03	2.367165e+00
8.466853827074449e-03	2.228964e+00
8.476619452074449e-03	2.071145e+00
8.486385077074448e-03	1.899041e+00
8.496150702074448e-03	1.718467e+00
8.505916327074448e-03	1.535525e+00
8.515681952074448e-03	1.356397e+00
8.525447577074447e-03	1.187134e+00
8.535213202074447e-03	1.033457e+00
8.544978827074447e-03	9.005566e-01
8.554744452074447e-03	7.929248e-01
8.564510077074447e-03	7.141978e-01
8.574275702074446e-03	6.670358e-01
8.584041327074446e-03	6.530325e-01
8.589486159457324e-03	6.598451e-01
8.598343433233705e-03	6.930771e-01
8.608109058233705e-03	7.604512e-01
8.617874683233705e-03	8.578276e-01
8.627640308233705e-03	9.819167e-01
8.637405933233705e-03	1.128525e+00
8.647171558233704e-03	1.292699e+00
8.656937183233704e-03	1.468891e+00
8.666702808233704e-03	1.651148e+00
8.676468433233704e-03	1.833312e+00
8.686234058233704e-03	2.009228e+00
8.695999683233703e-03	2.172951e+00
8.705765308233703e-03	2.318950e+00
8.715530933233703e-03	2.442291e+00
8.725296558233703e-03	2.538808e+00
8.735062183233703e-03	2.605238e+00
8.744827808233702e-03	2.639338e+00
8.753072446419199e-03	2.642074e+00
8.760001842465006e-03	2.625834e+00
8.769767467465005e-03	2.574799e+00
8.779533092465005e-03	2.492461e+00
8.789298717465005e-03	2.381603e+00
8.799064342465005e-03	2.245971e+00
8.808829967465005e-03	2.090147e+00
8.818595592465004e-03	1.919397e+00
8.828361217465004e-03	1.739491e+00
8.838126842465004e-03	1.556506e+00
8.847892467465004e-03	1.376627e+00
8.857658092465004e-03	1.205931e+00
8.867423717465003e-03	1.050186e+00
8.877189342465003e-03	9.146534e-01
8.886954967465003e-03	8.039140e-01
8.896720592465003e-03	7.217088e-01
8.906486217465003e-03	6.708158e-01
8.916251842465002e-03	6.529543e-01
8.921512481541936e-03	6.572806e-01
8.929552964780763e-03	6.826643e-01
8.939318589780762e-03	7.431754e-01
8.949084214780762e-03	8.342733e-01
8.958849839780762e-03	9.528806e-01
8.968615464780762e-03	1.094989e+00
8.978381089780762e-03	1.255797e+00
8.988146714780761e-03	1.429871e+00
8.997912339780761e-03	1.611330e+00
9.007677964780761e-03	1.794041e+00
9.017443589780761e-03	1.971832e+00
9.027209214780760e-03	2.138694e+00
9.036974839780760e-03	2.288991e+00
9.046740464780760e-03	2.417643e+00
9.056506089780760e-03	2.520304e+00
9.066271714780760e-03	2.593505e+00
9.076037339780759e-03	2.634773e+00
9.085607110845446e-03	2.642884e+00
9.092035330035251e-03	2.630186e+00
9.101800955035251e-03	2.583471e+00
9.111566580035250e-03	2.505162e+00
9.121332205035250e-03	2.397903e+00
9.131097830035250e-03	2.265321e+00
9.140863455035250e-03	2.111894e+00
9.150629080035250e-03	1.942807e+00
9.160394705035249e-03	1.763773e+00
9.170160330035249e-03	1.580842e+00
9.179925955035249e-03	1.400194e+00
9.189691580035249e-03	1.227934e+00
9.199457205035249e-03	1.069883e+00
9.209222830035248e-03	9.313790e-01
9.218988455035248e-03	8.171041e-01
9.228754080035248e-03	7.309184e-01
9.238519705035248e-03	6.757347e-01
9.248285330035248e-03	6.534169e-01
9.254362501384030e-03	6.564998e-01
9.262100453748119e-03	6.792180e-01
9.271866078748119e-03	7.371644e-01
9.281631703748119e-03	8.259018e-01
9.291397328748119e-03	9.424320e-01
9.301162953748119e-03	1.082817e+00
9.310928578748118e-03	1.242314e+00
9.320694203748118e-03	1.415534e+00
9.330459828748118e-03	1.596623e+00
9.340225453748118e-03	1.779462e+00
9.349991078748118e-03	1.957875e+00
9.359756703748117e-03	2.125832e+00
9.369522328748117e-03	2.277658e+00
9.379287953748117e-03	2.408223e+00
9.389053578748117e-03	2.513117e+00
9.398819203748117e-03	2.588794e+00
9.408584828748116e-03	2.632697e+00
9.418350453748116e-03	2.643344e+00
9.424408230761908e-03	2.633029e+00
9.434173855761908e-03	2.589525e+00
9.443939480761908e-03	2.514221e+00
9.453705105761908e-03	2.409665e+00
9.463470730761907e-03	2.279387e+00
9.473236355761907e-03	2.127791e+00
9.483001980761907e-03	1.959997e+00
9.492767605761907e-03	1.781678e+00
9.502533230761907e-03	1.598856e+00
9.512298855761906e-03	1.417710e+00
9.522064480761906e-03	1.244361e+00
9.531830105761906e-03	1.084666e+00
9.541595730761906e-03	9.440203e-01
9.551361355761906e-03	8.271771e-01
9.561126980761905e-03	7.380834e-01
9.570892605761905e-03	6.797504e-01
9.580658230761905e-03	6.541485e-01
9.587338335087308e-03	6.559811e-01
9.594852362359740e-03	6.768110e-01
9.604617987359740e-03	7.328517e-01
9.614383612359740e-03	8.198299e-01
9.624149237359740e-03	9.348069e-01
9.633914862359740e-03	1.073897e+00
9.643680487359739e-03	1.232402e+00
9.653446112359739e-03	1.404965e+00
9.663211737359739e-03	1.585755e+00
9.672977362359739e-03	1.768664e+00
9.682742987359738e-03	1.947511e+00
9.692508612359738e-03	2.116253e+00
9.702274237359738e-03	2.269190e+00
9.712039862359738e-03	2.401152e+00
9.721805487359738e-03	2.507683e+00
9.731571112359737e-03	2.585181e+00
9.741336737359737e-03	2.631029e+00
9.751102362359737e-03	2.643677e+00
9.756794947216022e-03	2.635515e+00
9.766052674859749e-03	2.598091e+00
9.775818299859748e-03	2.527388e+00
9.785583924859748e-03	2.426988e+00
9.795349549859748e-03	2.300281e+00
9.805115174859748e-03	2.151551e+00
9.814880799859748e-03	1.985822e+00
9.824646424859747e-03	1.808695e+00
9.834412049859747e-03	1.626153e+00
9.844177674859747e-03	1.444366e+00
9.853943299859747e-03	1.269476e+00
9.863708924859747e-03	1.107392e+00
9.873474549859746e-03	9.635903e-01
9.883240174859746e-03	8.429305e-01
9.893005799859746e-03	7.494889e-01
9.902771424859746e-03	6.864233e-01
9.912537049859746e-03	6.558641e-01
9.920129145063085e-03	6.552673e-01
9.927303140215863e-03	6.733677e-01
9.937068765215863e-03	7.265028e-01
9.946834390215863e-03	8.107910e-01
9.956600015215863e-03	9.233838e-01
9.966365640215863e-03	1.060477e+00
9.976131265215862e-03	1.217439e+00
9.985896890215862e-03	1.388965e+00
9.995662515215862e-03	1.569260e+00
1.000000000000000e-02	1.650567e+00
